tempat_wisata,rating,review,kategori_wisata,review_comment,jam_buka
,,,,,
Puncak Waringin,"4,6",558,Panorama,Puncak waringin adalah Salah satu tempat terbaik untuk melihat keindahan kota labuan bajo. Dapat menyaksikan keindahan sunset dari tempat ini. Kapal kapal yang bersandar dan tersusun di pelabuhan menjadikan pemandanganya sungguh luar biasa. Semoga kebersihan selalu terjaga.,24 jam
Pantai Wae Rana,"4,1",123,Pantai,Anda harus ke Tempat ini. Sangat luar biasa pemandangannya,24 jam
Komodo Flores,"4,5",226,Cagar Alam,"Pengalaman yg sangat luar biasa, alami, indah dan exotic",Tutup pukul 20.00
Goa Batu Cermin,"4,2",904,Cagar Alam,Tempat wisata yang alami dan bagus. Perlu sedikit energi untuk mendaki dan masuk ke celah bukit bukit batu yang menggoda.. tersedia tangga tangga yang membantu pijakan pengunjung agar tak terpeleset saat naik ke bukit dan menuju lokasi biasan cahaya batu cermin.,Tutup pukul 18.00
Taman Nasional Komodo,"4,7",5,Cagar Alam,"Cukup senang krena bisa secara langsung lihat komodo..walau cuma 1 ekor yg mucul...pulaunya dikelilingi pemandang alam laut dn bukit sekelilingnya yg sangat indah..di pulaunya ada jga menjual souvenir..kaos, patung komodo, tempelan kulkas, kain tenun dll..dgn harga terjangkau, pemandu wisatanya cukup ramah",Tutup pukul 18.00
Wae Rebo Village,"4,7",746,Cagar Alam,Tempat yg pas buat mencari keindahan alam...,Tutup pukul 18.00
DERMAGA WISATA KAMPUNG UJUNG,"4,5",349,Pusat Rekreasi,"Dermaga Wisata Kampung Ujung, terletak di Labuan Bajo. Tempat berlabuhnya kapal-kapal nelayan hingga kapal tour menuju ke berbagai pulau disini. Mercusuar yang berfungsi dengan baik sebagai penunjuk arah untuk kapal-kapal yang berlayar dimalam hari. Suasana yang tenang, tentram dan disambut keramahan masyarat Labuan Bajo menambah Indahnya tempat ini . Dan dipinggiran Dermaga Wisata Kampung Ujung ini banyak tempat penginapan, resort hingga cafe yang menarik untuk dikunjungi oleh wisatawan.",24 jam
Bajo Bridge,"5,0",5,Pusat Rekreasi,"Bajo Bridge di kalangan masyarakat di kenal sebagai ""Dermaga Biru"". Tempat ini merupakan salah satu tempat naik para wisatawan ke perahu yang akan berlayar ke tempat-tempat wisata di pulau. Disebut dermaga biru karena pada saat dibangun, lantai dermaga tersebut di cat warna biru.",24 jam
Bukit Sylvia,"4,8",242,Panorama,tempat seru untuk menikmati sunset di labuan bajo,24 jam
Pantai Pede,"3,8",640,Pantai,"Pantainya bagus, cocok untuk bersantai ria saat sore sambil ngopi memandangi matahari tenggelam. Gaperlu bawa kopi juga karena ada penjual minuman kopi dan lali lain banyak juga pemandangan kapal kapal yang bersandar disana semakin membuat sore saat matahari tenggelam jadi terlihat komplit. Di sebelah pojok ada dermaga penyebrangan dan juga jogging track. Di dermaga juga bisa buat renang",24 jam
